{"cameraMode":{"drawMode":0,"name":"Shaded","section":"Shading Mode"},"sceneLighting":true,"audioPlay":false,"sceneViewState":{"m_AlwaysRefresh":false,"showFog":true,"showSkybox":true,"showFlares":true,"showImageEffects":true,"showParticleSystems":true,"showVisualEffectGraphs":true,"m_FxEnabled":true},"in2DMode":false,"pivot":{"x":16.661531448364259,"y":18.295835494995118,"z":-42.860836029052737},"rotation":{"x":-0.18986941874027253,"y":0.16465942561626435,"z":-0.032314855605363849,"w":-0.9673717021942139},"size":308.4834289550781,"orthographic":false}