{"cameraMode":{"drawMode":0,"name":"Shaded","section":"Shading Mode"},"sceneLighting":true,"audioPlay":false,"sceneViewState":{"m_AlwaysRefresh":false,"showFog":true,"showSkybox":true,"showFlares":true,"showImageEffects":true,"showParticleSystems":true,"showVisualEffectGraphs":true,"m_FxEnabled":true},"in2DMode":false,"pivot":{"x":-16.287073135375978,"y":-582.6049194335938,"z":1391.948486328125},"rotation":{"x":0.22044025361537934,"y":-0.020488079637289048,"z":0.004620795138180256,"w":0.9752005934715271},"size":940.654052734375,"orthographic":false}